function_order,function_name,N_Groups,N_Measures,N_PKU,Current_Phe,N_Control,combined_es,es_ci_upper,es_ci_lower,z_value,p_value,heterogeneity_q_value,heterogeneity_df,heterogeneity_p_value,heterogeneity_i_value,heterogeneity_tau_value,Phe_coefficient,Phe_model_AIC_diff,Phe_model_p_value
5,Higher language skills,1,15,37,746.8666666666667,32,-0.34056674515560076,-0.09034867359381832,-0.5907848167173833,-2.6676672498940324,0.007637986271739946,34.22394221988426,14,0.001912529742746271,0.5909296506506506,0.1341243819546397,0.01849851357340528,0.8574797583876759,0.09094989439326132
