function_order,function_name,N_Groups,N_Measures,N_PKU,Current_Phe,N_Control,combined_es,es_ci_upper,es_ci_lower,z_value,p_value,heterogeneity_q_value,heterogeneity_df,heterogeneity_p_value,heterogeneity_i_value,heterogeneity_tau_value,Phe_coefficient,Phe_model_AIC_diff,Phe_model_p_value
11,Verbal learning/LTM,7,15,262,935.5164835164835,201,-0.27579927622692957,0.024401110961708383,-0.5759996634155675,-1.8006527354254358,0.07175763162713483,17.61075576627164,14,0.2250879237446426,0.20503127828204906,0.034582590777293365,-8.633252008853168e-4,1.7037259196807746,0.05429110558829271
