function_order,function_name,N_Groups,N_Measures,N_PKU,Current_Phe,N_Control,combined_es,es_ci_upper,es_ci_lower,z_value,p_value,heterogeneity_q_value,heterogeneity_df,heterogeneity_p_value,heterogeneity_i_value,heterogeneity_tau_value,Phe_coefficient,Phe_model_AIC_diff,Phe_model_p_value
13,Visual learning/LTM,7,9,146,953.9795918367347,135,-0.49278300446201195,-0.2313952791474666,-0.7541707297765573,-3.695035563650618,2.198560120963179e-4,10.64513299704904,8,0.22262824497605493,0.24848285106276288,0.05725898147733128,-0.001966067763475362,0.6302251046465948,0.1048468477272712
