function_order,function_name,N_Groups,N_Measures,N_PKU,Current_Phe,N_Control,combined_es,es_ci_upper,es_ci_lower,z_value,p_value,heterogeneity_q_value,heterogeneity_df,heterogeneity_p_value,heterogeneity_i_value,heterogeneity_tau_value,Phe_coefficient,Phe_model_AIC_diff,Phe_model_p_value
12,Visual STM,7,9,167,889.1607142857143,182,-0.5995507283136162,0.029566474222601946,-1.2286679308498343,-1.8678520149539168,0.061782700923860824,28.158628487428604,8,4.450075290345399e-4,0.7158952537915121,0.23450584542810424,-4.33556436533626e-4,-0.027666249689755062,0.16020036528424736
