"","term","type","estimate","std.error","statistic","p.value"
"1","overall","summary",-0.313251788202787,0.0544146193571026,-5.75675786955402,8.57447595279014e-09
