"","term","type","estimate","std.error","statistic","p.value"
"1","overall","summary",-0.512168316886408,0.124706769466735,-4.10698087262237,4.00864410713601e-05
