"","tau.squared","cochran.qe","p.value.cochran.qe","cochran.qm","p.value.cochran.qm","df.residual","logLik","deviance","AIC","BIC","AICc","nobs"
"1",0,85.3209063718199,0.000268060744227101,5.75664655330749,0.0164263938511632,45,-39.8167778097329,79.6335556194657,87.6335556194657,94.860205578547,88.6335556194657,47
