"","term","type","estimate","std.error","statistic","p.value"
"1","overall","summary",-0.4251100910032,0.0965659028143459,-4.40227946525288,1.07119452587907e-05
