function_name,combined_es,z_value,p_value,es_ci_lower,es_ci_upper,homogeneity_q_value,homogeneity_df,homogeneity_p_value,homogeneity_i_value,homogeneity_tau_value
Language Accuracy,-0.10591799891876948,-1.0362415109682694,0.3000894852211037,-0.3062530183114613,0.09441702047392232,1.198549028487401,7,0.9909602677186395,-4.840395205888388,0
