"","term","type","estimate","std.error","statistic","p.value"
"1","overall","summary",-0.717423801003627,0.10367098543142,-6.92019853016848,4.51011133668268e-12
