"","term","type","estimate","std.error","statistic","p.value"
"1","overall","summary",-0.402974586066993,0.0718762910696198,-5.6065022286232,2.06456318383298e-08
