function_name,combined_es,z_value,p_value,es_ci_lower,es_ci_upper,homogeneity_q_value,homogeneity_df,homogeneity_p_value,homogeneity_i_value,homogeneity_tau_value
Visual,-0.589853340684403,-5.85422004570153,4.792537490568085e-9,-0.7873333286037034,-0.3923733527651026,73.64511698404547,35,1.4447493625494858e-4,0.5247478524939756,0.12225222003926459
